,no_of_adults,no_of_children,no_of_weekend_nights,no_of_week_nights,required_car_parking_space,lead_time,repeated_guest,price_per_person,booking_status,type_of_meal_plan_breakfast,type_of_meal_plan_breakfast_and_dinner,type_of_meal_plan_dinner,room_type_reserved_deluxe_twin,room_type_reserved_double,room_type_reserved_family,room_type_reserved_single,room_type_reserved_twin,total_price
0,1,0.0,0,1,0.0,14,2.0,5500.0,1,False,True,False,False,False,False,True,False,5500.0
2,2,2.0,0,1,0.0,50,0.0,20400.0,1,False,False,True,False,False,False,False,True,81600.0
3,1,0.0,1,1,1.0,5,2.0,5500.0,1,False,False,True,False,False,False,True,False,5500.0
4,1,0.0,0,1,1.0,5,2.0,5500.0,0,True,False,False,False,False,False,True,False,5500.0
5,1,0.0,1,1,0.0,21,6.0,5500.0,0,False,True,False,False,False,False,True,False,5500.0
6,1,1.0,1,1,1.0,153,2.0,11000.0,0,True,False,False,False,True,False,False,False,22000.0
7,2,2.0,1,2,0.0,30,1.0,20400.0,1,True,False,False,False,False,False,False,True,81600.0
8,1,2.0,2,2,0.0,33,0.0,13500.0,1,False,False,True,False,True,False,False,False,40500.0
9,1,1.0,0,1,0.0,56,2.0,5500.0,1,False,True,False,False,False,False,True,False,11000.0
11,2,0.0,0,2,0.0,57,5.0,11000.0,1,False,False,True,False,True,False,False,False,22000.0
12,1,0.0,2,1,0.0,40,6.0,5500.0,1,True,False,False,False,False,False,True,False,5500.0
13,1,1.0,1,0,0.0,146,1.0,5500.0,1,False,True,False,False,False,False,True,False,11000.0
14,2,2.0,1,1,0.0,126,0.0,20400.0,1,True,False,False,False,False,False,False,True,81600.0
15,1,0.0,1,2,0.0,19,1.0,5500.0,0,False,False,True,False,False,False,True,False,5500.0
16,2,0.0,0,3,0.0,29,1.0,13400.0,1,True,False,False,False,False,False,False,True,26800.0
17,2,0.0,2,1,0.0,16,0.0,13400.0,1,True,False,False,False,False,False,False,True,26800.0
18,2,2.0,1,2,1.0,65,2.0,20400.0,1,True,False,False,False,False,False,False,True,81600.0
19,2,0.0,0,1,0.0,30,1.0,13400.0,0,False,True,False,False,False,False,False,True,26800.0
20,2,0.0,1,1,0.0,11,2.0,13400.0,1,True,False,False,False,False,False,False,True,26800.0
21,1,0.0,1,3,1.0,84,2.0,5500.0,1,False,True,False,False,False,False,True,False,5500.0
22,2,2.0,1,2,0.0,70,7.0,20400.0,0,True,False,False,False,False,False,False,True,81600.0
23,1,0.0,1,2,0.0,16,2.0,5500.0,1,False,False,True,False,False,False,True,False,5500.0
24,1,2.0,1,2,0.0,42,2.0,5500.0,0,False,False,True,False,False,False,True,False,16500.0
25,3,0.0,1,3,0.0,104,2.0,21300.0,1,False,True,False,True,False,False,False,False,63900.0
26,1,0.0,1,1,0.0,32,0.0,5500.0,1,False,False,True,False,False,False,True,False,5500.0
27,1,1.0,1,3,0.0,8,7.0,5500.0,0,False,True,False,False,False,False,True,False,11000.0
28,2,0.0,0,1,0.0,19,1.0,11000.0,0,False,True,False,False,True,False,False,False,22000.0
29,1,0.0,1,1,0.0,5,6.0,8500.0,1,False,True,False,True,False,False,False,False,8500.0
30,1,1.0,0,3,0.0,58,0.0,5500.0,1,False,False,True,False,False,False,True,False,11000.0
31,3,0.0,1,1,0.0,4,3.0,21300.0,1,True,False,False,True,False,False,False,False,63900.0
32,1,0.0,0,1,0.0,66,5.0,7500.0,0,False,False,True,False,False,False,False,True,7500.0
33,1,0.0,1,2,0.0,37,0.0,7500.0,1,True,False,False,False,False,True,False,False,7500.0
36,1,2.0,1,3,0.0,116,4.0,5500.0,1,False,True,False,False,False,False,True,False,16500.0
38,2,2.0,1,1,0.0,103,3.0,20400.0,1,False,True,False,False,False,False,False,True,81600.0
40,2,0.0,0,1,0.0,32,0.0,13400.0,1,True,False,False,False,False,False,False,True,26800.0
41,1,0.0,0,2,1.0,62,4.0,5500.0,1,False,False,True,False,False,False,True,False,5500.0
42,2,0.0,1,2,1.0,64,3.0,13400.0,0,False,True,False,False,False,False,False,True,26800.0
43,2,0.0,0,2,1.0,5,1.0,13400.0,1,True,False,False,False,False,False,False,True,26800.0
44,2,2.0,1,1,0.0,34,2.0,20400.0,1,True,False,False,False,False,False,False,True,81600.0
45,3,1.0,2,2,1.0,51,3.0,25600.0,0,False,False,True,True,False,False,False,False,102400.0
47,1,0.0,0,0,0.0,73,1.0,5500.0,0,False,False,True,False,False,False,True,False,5500.0
50,2,2.0,1,1,0.0,71,1.0,20400.0,0,True,False,False,False,False,False,False,True,81600.0
52,1,2.0,1,2,1.0,27,3.0,5500.0,1,True,False,False,False,False,False,True,False,16500.0
53,2,1.0,1,2,0.0,44,0.0,17700.0,1,False,False,True,False,False,False,False,True,53100.0
54,2,1.0,1,1,0.0,28,1.0,17700.0,1,True,False,False,False,False,False,False,True,53100.0
55,2,0.0,0,1,0.0,4,8.0,15600.0,1,False,True,False,True,False,False,False,False,31200.0
57,2,0.0,0,4,1.0,22,6.0,13400.0,1,False,False,True,False,False,False,False,True,26800.0
58,3,1.0,1,1,0.0,13,0.0,25600.0,0,False,True,False,True,False,False,False,False,102400.0
59,2,2.0,0,1,0.0,86,3.0,20400.0,1,True,False,False,False,False,False,False,True,81600.0
60,2,1.0,0,1,0.0,26,0.0,17700.0,1,False,False,True,False,False,False,False,True,53100.0
61,4,0.0,2,1,1.0,18,1.0,25600.0,1,False,False,True,True,False,False,False,False,102400.0
62,2,0.0,1,1,1.0,32,2.0,14000.0,1,False,False,True,False,False,True,False,False,28000.0
63,2,0.0,3,2,0.0,65,2.0,13400.0,1,False,True,False,False,False,False,False,True,26800.0
64,2,3.0,1,2,0.0,69,1.0,21500.0,1,False,True,False,False,False,False,False,True,107500.0
67,1,2.0,0,2,0.0,74,1.0,5500.0,0,False,False,True,False,False,False,True,False,16500.0
68,2,1.0,1,2,0.0,36,5.0,17700.0,1,False,False,True,False,False,False,False,True,53100.0
69,2,0.0,1,3,0.0,6,1.0,13400.0,1,True,False,False,False,False,False,False,True,26800.0
70,2,1.0,0,1,0.0,7,7.0,17700.0,0,False,True,False,False,False,False,False,True,53100.0
71,1,0.0,2,2,0.0,8,3.0,8500.0,1,True,False,False,True,False,False,False,False,8500.0
72,1,1.0,0,2,0.0,45,1.0,5500.0,1,False,False,True,False,False,False,True,False,11000.0
73,3,2.0,2,1,0.0,32,1.0,28500.0,1,False,False,True,True,False,False,False,False,142500.0
74,1,0.0,2,2,0.0,12,0.0,5500.0,1,True,False,False,False,False,False,True,False,5500.0
75,1,0.0,2,2,1.0,9,6.0,5500.0,0,True,False,False,False,False,False,True,False,5500.0
76,2,2.0,0,1,0.0,57,2.0,20400.0,1,False,False,True,False,False,False,False,True,81600.0
78,2,0.0,1,1,0.0,40,1.0,13400.0,1,False,False,True,False,False,False,False,True,26800.0
79,1,1.0,0,1,0.0,64,1.0,11000.0,1,False,True,False,False,True,False,False,False,22000.0
81,2,1.0,0,1,0.0,52,0.0,17700.0,1,True,False,False,False,False,False,False,True,53100.0
82,1,0.0,1,1,0.0,4,1.0,6500.0,1,True,False,False,False,True,False,False,False,6500.0
83,2,1.0,1,3,1.0,104,1.0,13500.0,1,True,False,False,False,True,False,False,False,40500.0
84,2,1.0,1,1,1.0,46,3.0,13500.0,1,False,False,True,False,True,False,False,False,40500.0
85,1,0.0,0,1,0.0,7,2.0,6500.0,0,True,False,False,False,True,False,False,False,6500.0
86,2,2.0,2,0,0.0,71,4.0,20400.0,1,False,True,False,False,False,False,False,True,81600.0
87,2,1.0,0,2,0.0,73,1.0,21300.0,1,True,False,False,True,False,False,False,False,63900.0
88,1,0.0,1,2,0.0,9,1.0,5500.0,1,True,False,False,False,False,False,True,False,5500.0
89,2,0.0,1,3,0.0,16,1.0,11000.0,1,True,False,False,False,True,False,False,False,22000.0
91,2,2.0,0,1,1.0,50,1.0,20400.0,1,False,True,False,False,False,False,False,True,81600.0
94,1,0.0,2,2,0.0,31,1.0,6500.0,1,False,True,False,False,True,False,False,False,6500.0
96,1,0.0,2,5,0.0,11,2.0,8500.0,1,False,False,True,True,False,False,False,False,8500.0
97,1,0.0,1,2,0.0,6,0.0,5500.0,1,True,False,False,False,False,False,True,False,5500.0
98,2,2.0,0,2,0.0,33,11.0,20400.0,1,True,False,False,False,False,False,False,True,81600.0
99,1,2.0,2,1,1.0,87,1.0,5500.0,0,True,False,False,False,False,False,True,False,16500.0
101,2,0.0,1,0,0.0,70,3.0,13400.0,0,True,False,False,False,False,False,False,True,26800.0
102,2,0.0,0,1,0.0,7,1.0,13400.0,0,True,False,False,False,False,False,False,True,26800.0
104,1,2.0,1,1,0.0,110,1.0,13500.0,0,False,False,True,False,True,False,False,False,40500.0
105,1,0.0,2,2,1.0,43,5.0,7500.0,0,False,True,False,False,False,True,False,False,7500.0
106,1,0.0,1,1,0.0,81,2.0,5500.0,1,False,True,False,False,False,False,True,False,5500.0
108,1,0.0,0,3,0.0,19,1.0,5500.0,0,True,False,False,False,False,False,True,False,5500.0
109,1,0.0,4,1,0.0,29,1.0,5500.0,0,False,False,True,False,False,False,True,False,5500.0
110,1,0.0,1,1,0.0,4,1.0,5500.0,1,False,True,False,False,False,False,True,False,5500.0
111,3,0.0,1,2,0.0,26,1.0,21300.0,1,False,True,False,True,False,False,False,False,63900.0
112,1,1.0,2,2,0.0,135,1.0,15600.0,0,False,False,True,True,False,False,False,False,31200.0
113,2,0.0,2,1,0.0,49,1.0,13400.0,1,False,False,True,False,False,False,False,True,26800.0
114,2,2.0,0,2,0.0,36,2.0,20400.0,1,False,True,False,False,False,False,False,True,81600.0
115,1,1.0,2,1,0.0,27,0.0,5500.0,1,True,False,False,False,False,False,True,False,11000.0
116,2,2.0,1,0,0.0,28,1.0,20400.0,1,False,True,False,False,False,False,False,True,81600.0
117,1,0.0,2,1,0.0,25,3.0,5500.0,0,True,False,False,False,False,False,True,False,5500.0
118,2,0.0,2,1,0.0,32,1.0,13400.0,1,False,False,True,False,False,False,False,True,26800.0
120,2,2.0,1,1,0.0,14,7.0,20400.0,0,True,False,False,False,False,False,False,True,81600.0
122,2,0.0,1,1,0.0,25,0.0,13400.0,1,True,False,False,False,False,False,False,True,26800.0
123,2,2.0,0,1,0.0,37,1.0,20400.0,1,True,False,False,False,False,False,False,True,81600.0
124,2,0.0,1,1,0.0,41,0.0,14000.0,1,True,False,False,False,False,True,False,False,28000.0
125,2,1.0,1,2,0.0,26,0.0,13500.0,1,True,False,False,False,True,False,False,False,40500.0
126,2,0.0,3,0,0.0,21,1.0,13400.0,1,False,True,False,False,False,False,False,True,26800.0
127,1,0.0,0,1,0.0,4,2.0,6500.0,0,False,True,False,False,True,False,False,False,6500.0
128,1,0.0,2,3,0.0,19,5.0,5500.0,1,False,False,True,False,False,False,True,False,5500.0
129,2,0.0,1,1,1.0,37,1.0,13400.0,0,False,False,True,False,False,False,False,True,26800.0
130,2,1.0,2,3,0.0,148,3.0,17700.0,1,False,True,False,False,False,False,False,True,53100.0
131,2,0.0,0,1,0.0,38,3.0,13400.0,1,True,False,False,False,False,False,False,True,26800.0
132,2,0.0,0,0,0.0,63,1.0,13400.0,1,False,False,True,False,False,False,False,True,26800.0
135,2,2.0,1,1,0.0,17,2.0,14000.0,0,False,True,False,False,True,False,False,False,56000.0
136,1,0.0,0,1,0.0,28,0.0,5500.0,1,False,True,False,False,False,False,True,False,5500.0
137,1,1.0,1,0,0.0,72,1.0,5500.0,1,False,False,True,False,False,False,True,False,11000.0
138,2,0.0,0,1,0.0,9,2.0,13400.0,0,True,False,False,False,False,False,False,True,26800.0
139,1,0.0,0,1,0.0,44,3.0,6500.0,1,False,True,False,False,True,False,False,False,6500.0
140,1,0.0,0,0,0.0,182,0.0,5500.0,1,True,False,False,False,False,False,True,False,5500.0
141,2,0.0,0,2,0.0,28,6.0,13400.0,1,True,False,False,False,False,False,False,True,26800.0
143,1,1.0,0,4,1.0,17,1.0,14000.0,0,True,False,False,False,False,True,False,False,28000.0
146,2,0.0,2,2,1.0,16,3.0,13400.0,0,False,False,True,False,False,False,False,True,26800.0
147,2,2.0,0,1,0.0,11,3.0,20400.0,0,True,False,False,False,False,False,False,True,81600.0
149,2,1.0,1,1,0.0,182,1.0,17700.0,1,False,False,True,False,False,False,False,True,53100.0
150,1,1.0,1,1,0.0,47,1.0,5500.0,1,False,False,True,False,False,False,True,False,11000.0
154,1,1.0,0,1,0.0,62,1.0,11000.0,1,True,False,False,False,True,False,False,False,22000.0
155,1,2.0,1,1,0.0,25,0.0,5500.0,1,False,False,True,False,False,False,True,False,16500.0
156,2,1.0,1,1,0.0,25,3.0,19500.0,1,True,False,False,False,False,True,False,False,58500.0
157,2,0.0,2,1,0.0,69,2.0,13400.0,1,False,True,False,False,False,False,False,True,26800.0
158,1,0.0,0,0,0.0,35,5.0,5500.0,1,True,False,False,False,False,False,True,False,5500.0
159,2,0.0,1,1,0.0,20,0.0,13400.0,1,True,False,False,False,False,False,False,True,26800.0
160,2,0.0,0,0,0.0,15,0.0,14000.0,1,False,True,False,False,False,True,False,False,28000.0
161,1,2.0,1,2,1.0,36,1.0,19500.0,1,False,False,True,False,False,True,False,False,58500.0
163,1,0.0,0,1,0.0,11,1.0,5500.0,1,False,False,True,False,False,False,True,False,5500.0
165,1,1.0,2,1,1.0,175,0.0,5500.0,1,False,True,False,False,False,False,True,False,11000.0
166,3,0.0,1,2,0.0,7,3.0,21300.0,1,False,False,True,True,False,False,False,False,63900.0
167,1,2.0,1,2,0.0,25,0.0,21300.0,1,False,False,True,True,False,False,False,False,63900.0
169,1,1.0,3,0,0.0,90,1.0,14000.0,1,False,True,False,False,False,True,False,False,28000.0
170,2,2.0,1,3,0.0,49,1.0,20400.0,1,False,True,False,False,False,False,False,True,81600.0
171,1,0.0,1,1,0.0,11,1.0,5500.0,1,True,False,False,False,False,False,True,False,5500.0
172,2,2.0,2,0,0.0,71,0.0,20400.0,0,False,False,True,False,False,False,False,True,81600.0
173,1,2.0,1,2,0.0,42,1.0,13500.0,1,True,False,False,False,True,False,False,False,40500.0
174,2,0.0,4,1,0.0,40,12.0,13400.0,1,True,False,False,False,False,False,False,True,26800.0
175,1,3.0,1,2,0.0,39,3.0,5500.0,1,True,False,False,False,False,False,True,False,22000.0
176,1,1.0,2,1,0.0,138,3.0,5500.0,1,False,True,False,False,False,False,True,False,11000.0
177,1,1.0,0,2,0.0,14,0.0,5500.0,0,True,False,False,False,False,False,True,False,11000.0
178,1,0.0,2,2,0.0,47,2.0,6500.0,0,False,False,True,False,True,False,False,False,6500.0
180,1,0.0,2,0,0.0,28,3.0,5500.0,0,False,False,True,False,False,False,True,False,5500.0
181,2,0.0,2,1,0.0,45,3.0,13400.0,1,False,True,False,False,False,False,False,True,26800.0
182,2,1.0,1,1,0.0,170,2.0,13500.0,1,False,False,True,False,True,False,False,False,40500.0
183,2,1.0,0,1,0.0,45,1.0,17700.0,1,False,False,True,False,False,False,False,True,53100.0
186,1,1.0,1,1,1.0,21,4.0,5500.0,0,True,False,False,False,False,False,True,False,11000.0
189,1,0.0,0,1,0.0,78,1.0,6500.0,1,False,True,False,False,True,False,False,False,6500.0
190,1,2.0,1,1,0.0,49,0.0,5500.0,1,False,False,True,False,False,False,True,False,16500.0
192,1,0.0,2,3,0.0,4,3.0,5500.0,1,True,False,False,False,False,False,True,False,5500.0
193,1,0.0,2,2,0.0,21,1.0,5500.0,1,True,False,False,False,False,False,True,False,5500.0
195,2,2.0,1,2,0.0,43,2.0,14000.0,1,False,False,True,False,True,False,False,False,56000.0
197,3,1.0,1,4,0.0,72,0.0,25600.0,1,True,False,False,True,False,False,False,False,102400.0
198,3,0.0,1,2,0.0,12,1.0,21300.0,1,False,True,False,True,False,False,False,False,63900.0
200,1,2.0,0,0,0.0,128,2.0,5500.0,0,False,False,True,False,False,False,True,False,16500.0
201,2,0.0,1,2,0.0,28,2.0,13400.0,1,True,False,False,False,False,False,False,True,26800.0
202,1,0.0,1,3,1.0,32,2.0,5500.0,0,True,False,False,False,False,False,True,False,5500.0
203,1,0.0,0,1,0.0,6,1.0,8500.0,1,True,False,False,True,False,False,False,False,8500.0
205,1,0.0,0,2,0.0,10,0.0,7500.0,1,False,True,False,False,False,False,False,True,7500.0
206,1,1.0,1,1,0.0,11,2.0,5500.0,0,False,False,True,False,False,False,True,False,11000.0
207,1,0.0,0,1,1.0,14,2.0,5500.0,0,False,False,True,False,False,False,True,False,5500.0
208,1,0.0,1,2,0.0,33,0.0,5500.0,1,False,True,False,False,False,False,True,False,5500.0
209,2,2.0,0,1,0.0,42,4.0,20400.0,0,False,True,False,False,False,False,False,True,81600.0
210,1,2.0,1,1,0.0,32,0.0,5500.0,1,True,False,False,False,False,False,True,False,16500.0
211,2,1.0,2,3,0.0,71,2.0,21300.0,1,False,True,False,True,False,False,False,False,63900.0
212,1,0.0,1,3,0.0,14,0.0,7500.0,1,True,False,False,False,False,True,False,False,7500.0
213,2,0.0,1,2,0.0,59,3.0,13400.0,1,False,True,False,False,False,False,False,True,26800.0
214,2,1.0,1,1,0.0,46,1.0,19500.0,1,True,False,False,False,False,True,False,False,58500.0
215,1,0.0,1,1,1.0,22,2.0,5500.0,1,True,False,False,False,False,False,True,False,5500.0
217,1,2.0,1,1,0.0,98,1.0,5500.0,0,False,False,True,False,False,False,True,False,16500.0
218,1,2.0,2,1,0.0,29,1.0,5500.0,1,True,False,False,False,False,False,True,False,16500.0
220,2,1.0,0,2,1.0,60,2.0,13500.0,1,True,False,False,False,True,False,False,False,40500.0
221,2,1.0,0,1,0.0,50,0.0,17700.0,1,False,True,False,False,False,False,False,True,53100.0
222,1,2.0,1,1,0.0,47,1.0,5500.0,1,True,False,False,False,False,False,True,False,16500.0
223,1,0.0,2,3,0.0,28,1.0,7500.0,1,True,False,False,False,False,True,False,False,7500.0
224,2,0.0,2,1,0.0,19,0.0,14000.0,0,False,False,True,False,False,True,False,False,28000.0
225,2,0.0,0,2,0.0,33,2.0,15600.0,1,True,False,False,True,False,False,False,False,31200.0
227,2,1.0,1,4,0.0,27,0.0,17700.0,1,True,False,False,False,False,False,False,True,53100.0
228,1,0.0,1,1,0.0,14,2.0,5500.0,1,True,False,False,False,False,False,True,False,5500.0
229,1,0.0,2,3,0.0,21,1.0,5500.0,1,False,True,False,False,False,False,True,False,5500.0
230,2,0.0,1,0,0.0,14,1.0,13400.0,1,False,True,False,False,False,False,False,True,26800.0
232,1,0.0,0,1,0.0,22,2.0,7500.0,1,False,False,True,False,False,True,False,False,7500.0
233,1,0.0,3,1,1.0,9,5.0,5500.0,1,False,False,True,False,False,False,True,False,5500.0
234,1,2.0,2,1,0.0,107,1.0,5500.0,0,False,True,False,False,False,False,True,False,16500.0
236,2,0.0,1,2,1.0,9,0.0,13400.0,1,False,False,True,False,False,False,False,True,26800.0
237,1,0.0,1,4,0.0,31,2.0,5500.0,1,True,False,False,False,False,False,True,False,5500.0
240,1,0.0,1,2,0.0,55,1.0,5500.0,0,False,True,False,False,False,False,True,False,5500.0
242,2,1.0,2,1,0.0,35,0.0,21300.0,1,True,False,False,True,False,False,False,False,63900.0
244,1,0.0,1,2,0.0,49,6.0,8500.0,1,False,True,False,True,False,False,False,False,8500.0
245,1,0.0,0,2,1.0,30,1.0,5500.0,1,False,False,True,False,False,False,True,False,5500.0
246,1,0.0,1,1,0.0,38,2.0,5500.0,1,True,False,False,False,False,False,True,False,5500.0
247,1,0.0,0,3,0.0,10,3.0,5500.0,1,True,False,False,False,False,False,True,False,5500.0
248,1,0.0,0,1,0.0,55,2.0,5500.0,1,False,True,False,False,False,False,True,False,5500.0
249,2,0.0,3,1,0.0,18,1.0,13400.0,1,False,False,True,False,False,False,False,True,26800.0
250,1,0.0,1,1,1.0,29,1.0,5500.0,1,False,True,False,False,False,False,True,False,5500.0
252,2,0.0,1,1,0.0,17,3.0,13400.0,1,True,False,False,False,False,False,False,True,26800.0
253,1,3.0,0,0,0.0,52,0.0,5500.0,0,True,False,False,False,False,False,True,False,22000.0
254,1,0.0,0,1,0.0,63,1.0,7500.0,1,True,False,False,False,False,False,False,True,7500.0
255,1,0.0,1,3,0.0,7,1.0,5500.0,1,False,False,True,False,False,False,True,False,5500.0
256,1,0.0,1,1,0.0,27,0.0,5500.0,0,True,False,False,False,False,False,True,False,5500.0
257,2,1.0,1,1,0.0,66,1.0,17700.0,1,True,False,False,False,False,False,False,True,53100.0
259,3,1.0,2,1,1.0,14,2.0,24000.0,0,False,True,False,False,False,True,False,False,96000.0
260,3,2.0,1,1,0.0,63,0.0,28500.0,1,False,True,False,True,False,False,False,False,142500.0
261,2,0.0,2,3,0.0,24,1.0,13400.0,1,True,False,False,False,False,False,False,True,26800.0
262,3,0.0,0,2,0.0,52,0.0,21300.0,1,False,False,True,True,False,False,False,False,63900.0
263,2,0.0,1,1,0.0,69,4.0,13400.0,1,False,False,True,False,False,False,False,True,26800.0
264,1,0.0,2,1,0.0,38,1.0,5500.0,1,True,False,False,False,False,False,True,False,5500.0
265,1,0.0,1,2,0.0,9,2.0,5500.0,1,True,False,False,False,False,False,True,False,5500.0
268,2,0.0,0,2,0.0,14,4.0,13400.0,1,True,False,False,False,False,False,False,True,26800.0
269,1,0.0,1,2,0.0,58,1.0,5500.0,1,True,False,False,False,False,False,True,False,5500.0
270,1,1.0,1,3,0.0,50,1.0,5500.0,0,True,False,False,False,False,False,True,False,11000.0
271,1,0.0,1,1,0.0,80,2.0,7500.0,1,False,False,True,False,False,False,False,True,7500.0
273,2,0.0,1,1,1.0,41,2.0,13400.0,1,False,False,True,False,False,False,False,True,26800.0
274,1,0.0,1,1,1.0,52,1.0,6500.0,1,False,False,True,False,True,False,False,False,6500.0
275,1,0.0,1,2,0.0,3,10.0,5500.0,1,True,False,False,False,False,False,True,False,5500.0
276,2,0.0,0,3,1.0,18,0.0,15600.0,0,True,False,False,True,False,False,False,False,31200.0
277,2,0.0,2,3,0.0,41,5.0,13400.0,1,True,False,False,False,False,False,False,True,26800.0
278,2,0.0,0,3,0.0,15,0.0,13400.0,1,False,False,True,False,False,False,False,True,26800.0
281,3,0.0,0,1,0.0,7,1.0,21300.0,1,True,False,False,True,False,False,False,False,63900.0
282,3,0.0,0,3,0.0,14,3.0,21300.0,0,False,False,True,True,False,False,False,False,63900.0
283,1,2.0,0,1,1.0,78,5.0,5500.0,0,False,False,True,False,False,False,True,False,16500.0
284,1,2.0,1,2,1.0,51,5.0,5500.0,1,False,False,True,False,False,False,True,False,16500.0
285,2,1.0,1,2,0.0,19,1.0,17700.0,0,True,False,False,False,False,False,False,True,53100.0
287,2,2.0,0,2,0.0,65,5.0,14000.0,1,True,False,False,False,True,False,False,False,56000.0
289,2,0.0,2,1,1.0,104,1.0,14000.0,0,False,False,True,False,False,True,False,False,28000.0
291,2,0.0,1,2,1.0,4,0.0,14000.0,0,False,False,True,False,False,True,False,False,28000.0
292,1,2.0,0,1,0.0,24,1.0,5500.0,0,True,False,False,False,False,False,True,False,16500.0
293,2,2.0,1,3,0.0,85,6.0,20400.0,1,False,False,True,False,False,False,False,True,81600.0
294,1,0.0,1,2,0.0,127,2.0,7500.0,1,False,False,True,False,False,False,False,True,7500.0
296,1,0.0,1,1,0.0,58,0.0,5500.0,0,False,False,True,False,False,False,True,False,5500.0
297,1,2.0,0,2,1.0,77,1.0,21300.0,1,False,False,True,True,False,False,False,False,63900.0
299,1,1.0,1,2,0.0,48,2.0,5500.0,0,False,False,True,False,False,False,True,False,11000.0
300,1,0.0,3,1,0.0,34,2.0,8500.0,1,False,False,True,True,False,False,False,False,8500.0
303,2,1.0,1,2,1.0,53,1.0,17700.0,1,False,True,False,False,False,False,False,True,53100.0
304,1,0.0,1,3,0.0,5,2.0,5500.0,1,False,False,True,False,False,False,True,False,5500.0
308,1,0.0,1,3,0.0,143,1.0,5500.0,1,True,False,False,False,False,False,True,False,5500.0
309,2,0.0,1,1,0.0,41,4.0,13400.0,1,True,False,False,False,False,False,False,True,26800.0
311,2,2.0,0,3,1.0,70,5.0,20400.0,1,True,False,False,False,False,False,False,True,81600.0
313,1,0.0,0,1,1.0,35,0.0,7500.0,1,True,False,False,False,False,False,False,True,7500.0
314,2,0.0,1,2,0.0,10,0.0,13400.0,1,True,False,False,False,False,False,False,True,26800.0
315,2,0.0,2,1,0.0,4,1.0,13400.0,1,True,False,False,False,False,False,False,True,26800.0
316,2,0.0,2,2,0.0,20,1.0,13400.0,1,True,False,False,False,False,False,False,True,26800.0
317,1,2.0,1,1,0.0,76,1.0,5500.0,1,True,False,False,False,False,False,True,False,16500.0
318,1,1.0,1,1,0.0,22,4.0,5500.0,1,False,False,True,False,False,False,True,False,11000.0
320,2,1.0,0,2,0.0,39,0.0,17700.0,1,False,False,True,False,False,False,False,True,53100.0
321,2,1.0,1,1,0.0,67,1.0,21300.0,1,True,False,False,True,False,False,False,False,63900.0
322,1,0.0,1,2,0.0,30,2.0,5500.0,1,True,False,False,False,False,False,True,False,5500.0
323,3,0.0,1,1,0.0,15,0.0,19500.0,0,True,False,False,False,False,True,False,False,58500.0
324,2,0.0,1,1,0.0,22,2.0,15600.0,1,False,False,True,True,False,False,False,False,31200.0
326,1,0.0,0,3,0.0,36,1.0,6500.0,1,False,False,True,False,True,False,False,False,6500.0
327,2,0.0,1,3,0.0,34,2.0,13400.0,1,True,False,False,False,False,False,False,True,26800.0
329,1,2.0,1,2,0.0,53,0.0,5500.0,1,False,False,True,False,False,False,True,False,16500.0
330,2,0.0,1,1,1.0,48,0.0,15600.0,1,True,False,False,True,False,False,False,False,31200.0
331,2,2.0,1,2,0.0,24,1.0,20400.0,1,False,True,False,False,False,False,False,True,81600.0
332,1,1.0,0,3,0.0,138,0.0,13400.0,0,False,True,False,False,False,False,False,True,26800.0
333,2,1.0,1,3,0.0,32,5.0,17700.0,0,False,True,False,False,False,False,False,True,53100.0
335,2,0.0,2,2,1.0,33,0.0,13400.0,1,True,False,False,False,False,False,False,True,26800.0
336,1,1.0,1,1,1.0,43,1.0,5500.0,0,True,False,False,False,False,False,True,False,11000.0
338,2,0.0,1,2,0.0,25,0.0,14000.0,1,True,False,False,False,False,True,False,False,28000.0
339,1,0.0,1,1,0.0,46,2.0,5500.0,0,True,False,False,False,False,False,True,False,5500.0
340,1,0.0,2,0,0.0,34,1.0,7500.0,1,True,False,False,False,False,True,False,False,7500.0
341,1,0.0,1,1,1.0,17,1.0,7500.0,1,False,True,False,False,False,False,False,True,7500.0
344,1,0.0,2,1,0.0,25,1.0,5500.0,1,True,False,False,False,False,False,True,False,5500.0
345,1,0.0,0,2,0.0,41,2.0,8500.0,1,False,True,False,True,False,False,False,False,8500.0
346,1,0.0,0,2,0.0,43,3.0,5500.0,1,False,True,False,False,False,False,True,False,5500.0
347,2,2.0,0,0,0.0,71,0.0,20400.0,1,True,False,False,False,False,False,False,True,81600.0
348,1,0.0,1,1,1.0,56,2.0,7500.0,1,True,False,False,False,False,False,False,True,7500.0
350,2,0.0,2,2,0.0,7,1.0,13400.0,1,True,False,False,False,False,False,False,True,26800.0
352,2,0.0,0,1,0.0,22,2.0,13400.0,1,False,False,True,False,False,False,False,True,26800.0
354,1,1.0,1,1,1.0,67,1.0,5500.0,1,False,False,True,False,False,False,True,False,11000.0
355,1,0.0,1,2,0.0,7,1.0,5500.0,1,False,False,True,False,False,False,True,False,5500.0
357,1,1.0,2,1,1.0,18,1.0,5500.0,0,True,False,False,False,False,False,True,False,11000.0
358,1,0.0,1,2,0.0,48,2.0,5500.0,1,False,True,False,False,False,False,True,False,5500.0
359,2,1.0,1,1,0.0,156,3.0,17700.0,0,False,False,True,False,False,False,False,True,53100.0
360,1,2.0,1,1,1.0,50,0.0,5500.0,1,True,False,False,False,False,False,True,False,16500.0
361,2,0.0,1,2,0.0,10,4.0,11000.0,0,False,False,True,False,True,False,False,False,22000.0
362,2,0.0,1,1,0.0,32,2.0,15600.0,1,True,False,False,True,False,False,False,False,31200.0
363,1,0.0,1,1,0.0,3,1.0,5500.0,1,False,True,False,False,False,False,True,False,5500.0
366,3,0.0,0,2,0.0,14,0.0,21300.0,1,True,False,False,True,False,False,False,False,63900.0
367,2,0.0,1,1,0.0,24,1.0,13400.0,0,True,False,False,False,False,False,False,True,26800.0
368,2,0.0,1,2,0.0,4,1.0,13400.0,0,False,False,True,False,False,False,False,True,26800.0
369,2,0.0,1,3,1.0,22,1.0,14000.0,1,True,False,False,False,False,True,False,False,28000.0
370,1,0.0,1,1,1.0,4,2.0,6500.0,1,False,False,True,False,True,False,False,False,6500.0
371,3,0.0,0,1,1.0,9,1.0,21300.0,1,True,False,False,True,False,False,False,False,63900.0
373,1,0.0,1,1,0.0,6,0.0,5500.0,1,True,False,False,False,False,False,True,False,5500.0
374,3,1.0,0,2,1.0,39,0.0,25600.0,0,True,False,False,True,False,False,False,False,102400.0
377,1,1.0,1,3,0.0,81,3.0,5500.0,1,True,False,False,False,False,False,True,False,11000.0
378,1,0.0,0,1,0.0,8,1.0,5500.0,1,True,False,False,False,False,False,True,False,5500.0
379,2,0.0,0,0,0.0,8,4.0,13400.0,1,True,False,False,False,False,False,False,True,26800.0
380,1,0.0,1,4,1.0,9,2.0,6500.0,1,True,False,False,False,True,False,False,False,6500.0
382,1,1.0,1,2,0.0,37,0.0,5500.0,1,False,False,True,False,False,False,True,False,11000.0
383,2,0.0,1,4,0.0,6,1.0,13400.0,1,False,False,True,False,False,False,False,True,26800.0
385,1,0.0,2,1,1.0,25,2.0,7500.0,1,True,False,False,False,False,False,False,True,7500.0
386,2,2.0,0,1,0.0,3,4.0,20400.0,0,True,False,False,False,False,False,False,True,81600.0
387,1,0.0,0,0,1.0,58,2.0,5500.0,1,False,False,True,False,False,False,True,False,5500.0
388,1,1.0,1,1,0.0,36,1.0,13400.0,1,False,False,True,False,False,False,False,True,26800.0
389,1,0.0,1,1,0.0,61,2.0,6500.0,1,True,False,False,False,True,False,False,False,6500.0
391,2,0.0,0,2,0.0,16,1.0,11000.0,1,False,True,False,False,True,False,False,False,22000.0
392,3,2.0,2,2,0.0,65,0.0,28500.0,0,True,False,False,True,False,False,False,False,142500.0
396,2,1.0,0,1,1.0,88,3.0,17700.0,0,True,False,False,False,False,False,False,True,53100.0
397,2,0.0,2,4,0.0,26,1.0,14000.0,1,True,False,False,False,False,True,False,False,28000.0
398,3,0.0,0,2,0.0,16,3.0,21300.0,1,False,False,True,True,False,False,False,False,63900.0
399,1,0.0,0,1,0.0,31,0.0,5500.0,1,True,False,False,False,False,False,True,False,5500.0
400,2,0.0,0,1,0.0,35,1.0,13400.0,1,True,False,False,False,False,False,False,True,26800.0
401,1,0.0,1,2,0.0,104,1.0,5500.0,1,True,False,False,False,False,False,True,False,5500.0
402,1,1.0,2,1,0.0,37,0.0,13400.0,1,False,True,False,False,False,False,False,True,26800.0
405,1,0.0,0,2,0.0,22,2.0,5500.0,1,False,True,False,False,False,False,True,False,5500.0
406,2,0.0,1,2,0.0,34,1.0,13400.0,1,False,False,True,False,False,False,False,True,26800.0
407,1,0.0,0,3,0.0,67,0.0,6500.0,0,True,False,False,False,True,False,False,False,6500.0
408,1,0.0,1,2,0.0,4,2.0,5500.0,0,True,False,False,False,False,False,True,False,5500.0
412,2,0.0,0,1,0.0,5,3.0,13400.0,1,False,False,True,False,False,False,False,True,26800.0
413,2,0.0,0,3,0.0,16,2.0,13400.0,1,False,True,False,False,False,False,False,True,26800.0
414,2,0.0,1,1,0.0,18,4.0,13400.0,1,False,True,False,False,False,False,False,True,26800.0
415,1,0.0,1,1,0.0,11,5.0,7500.0,1,False,False,True,False,False,True,False,False,7500.0
416,1,1.0,3,2,0.0,99,0.0,15600.0,0,False,False,True,True,False,False,False,False,31200.0
417,1,2.0,1,1,0.0,26,0.0,5500.0,1,False,False,True,False,False,False,True,False,16500.0
418,1,0.0,1,1,0.0,19,1.0,5500.0,1,False,False,True,False,False,False,True,False,5500.0
419,1,0.0,1,1,0.0,40,1.0,7500.0,0,False,False,True,False,False,False,False,True,7500.0
421,1,0.0,0,1,1.0,19,3.0,5500.0,1,False,True,False,False,False,False,True,False,5500.0
422,1,0.0,1,2,0.0,21,1.0,6500.0,1,False,False,True,False,True,False,False,False,6500.0
423,1,1.0,0,1,0.0,55,3.0,5500.0,1,False,False,True,False,False,False,True,False,11000.0
425,2,1.0,0,2,0.0,35,2.0,17700.0,1,False,False,True,False,False,False,False,True,53100.0
426,1,0.0,1,1,0.0,73,0.0,5500.0,1,True,False,False,False,False,False,True,False,5500.0
427,2,1.0,2,1,1.0,89,1.0,17700.0,1,False,False,True,False,False,False,False,True,53100.0
428,2,0.0,1,1,0.0,81,1.0,13400.0,1,True,False,False,False,False,False,False,True,26800.0
429,2,1.0,1,1,0.0,40,2.0,13500.0,1,False,True,False,False,True,False,False,False,40500.0
431,2,0.0,0,3,0.0,33,1.0,11000.0,1,True,False,False,False,True,False,False,False,22000.0
432,2,1.0,1,2,1.0,49,0.0,17700.0,0,False,False,True,False,False,False,False,True,53100.0
434,2,0.0,4,3,0.0,71,0.0,13400.0,1,True,False,False,False,False,False,False,True,26800.0
436,2,0.0,1,1,1.0,30,2.0,13400.0,1,False,False,True,False,False,False,False,True,26800.0
437,1,1.0,0,2,0.0,63,5.0,11000.0,1,False,False,True,False,True,False,False,False,22000.0
438,1,0.0,1,1,0.0,21,3.0,5500.0,1,False,True,False,False,False,False,True,False,5500.0
439,1,0.0,2,2,0.0,67,0.0,5500.0,1,False,False,True,False,False,False,True,False,5500.0
441,2,2.0,0,1,0.0,9,3.0,14000.0,0,True,False,False,False,True,False,False,False,56000.0
442,1,2.0,1,2,0.0,6,3.0,5500.0,0,True,False,False,False,False,False,True,False,16500.0
443,2,1.0,1,1,0.0,50,1.0,17700.0,1,True,False,False,False,False,False,False,True,53100.0
444,1,3.0,1,4,1.0,54,0.0,5500.0,0,True,False,False,False,False,False,True,False,22000.0
448,3,0.0,1,2,0.0,7,2.0,21300.0,1,False,False,True,True,False,False,False,False,63900.0
449,1,0.0,1,1,0.0,39,0.0,5500.0,1,False,True,False,False,False,False,True,False,5500.0
450,1,3.0,2,0,0.0,56,0.0,5500.0,0,False,True,False,False,False,False,True,False,22000.0
451,1,2.0,2,1,0.0,85,4.0,5500.0,1,True,False,False,False,False,False,True,False,16500.0
452,2,2.0,0,0,1.0,118,0.0,20400.0,1,False,False,True,False,False,False,False,True,81600.0
454,3,2.0,2,1,0.0,124,1.0,28500.0,1,False,False,True,True,False,False,False,False,142500.0
456,1,0.0,2,2,0.0,19,1.0,5500.0,1,True,False,False,False,False,False,True,False,5500.0
457,2,0.0,2,1,1.0,23,5.0,13400.0,1,False,True,False,False,False,False,False,True,26800.0
458,1,0.0,1,0,0.0,48,5.0,5500.0,1,True,False,False,False,False,False,True,False,5500.0
459,2,1.0,0,1,0.0,52,0.0,21300.0,1,False,False,True,True,False,False,False,False,63900.0
460,1,3.0,2,2,0.0,42,1.0,5500.0,0,True,False,False,False,False,False,True,False,22000.0
461,2,0.0,3,1,0.0,38,0.0,13400.0,1,True,False,False,False,False,False,False,True,26800.0
462,1,1.0,2,1,0.0,154,2.0,5500.0,0,True,False,False,False,False,False,True,False,11000.0
463,2,0.0,0,2,0.0,18,0.0,13400.0,0,False,True,False,False,False,False,False,True,26800.0
464,2,0.0,1,3,0.0,34,0.0,13400.0,1,True,False,False,False,False,False,False,True,26800.0
465,2,0.0,2,2,0.0,8,1.0,13400.0,1,False,True,False,False,False,False,False,True,26800.0
466,1,1.0,1,1,0.0,25,1.0,5500.0,1,True,False,False,False,False,False,True,False,11000.0
467,1,0.0,1,2,0.0,8,0.0,5500.0,1,False,True,False,False,False,False,True,False,5500.0
470,2,2.0,4,1,0.0,64,1.0,25600.0,1,True,False,False,True,False,False,False,False,102400.0
474,2,0.0,1,2,0.0,17,1.0,15600.0,0,True,False,False,True,False,False,False,False,31200.0
475,1,0.0,1,2,0.0,23,3.0,5500.0,1,False,True,False,False,False,False,True,False,5500.0
476,1,2.0,0,1,0.0,114,1.0,5500.0,1,False,False,True,False,False,False,True,False,16500.0
477,2,1.0,0,1,0.0,25,1.0,21300.0,1,False,True,False,True,False,False,False,False,63900.0
479,2,0.0,1,1,0.0,7,0.0,13400.0,0,True,False,False,False,False,False,False,True,26800.0
480,2,0.0,1,2,0.0,29,2.0,13400.0,0,True,False,False,False,False,False,False,True,26800.0
481,2,0.0,3,0,0.0,73,4.0,13400.0,1,True,False,False,False,False,False,False,True,26800.0
482,2,0.0,1,1,0.0,39,3.0,15600.0,1,True,False,False,True,False,False,False,False,31200.0
484,2,2.0,0,1,0.0,91,2.0,20400.0,0,True,False,False,False,False,False,False,True,81600.0
488,2,0.0,3,1,0.0,26,3.0,13400.0,1,False,True,False,False,False,False,False,True,26800.0
490,3,0.0,1,2,1.0,14,1.0,21300.0,1,False,False,True,True,False,False,False,False,63900.0
491,1,1.0,2,2,0.0,63,0.0,5500.0,0,True,False,False,False,False,False,True,False,11000.0
493,1,0.0,1,1,0.0,10,1.0,5500.0,0,True,False,False,False,False,False,True,False,5500.0
494,1,0.0,1,1,0.0,44,4.0,7500.0,1,False,False,True,False,False,False,False,True,7500.0
495,2,1.0,1,3,0.0,64,4.0,17700.0,1,True,False,False,False,False,False,False,True,53100.0
496,1,0.0,1,2,1.0,38,1.0,5500.0,0,True,False,False,False,False,False,True,False,5500.0
497,1,1.0,0,1,1.0,9,1.0,11000.0,0,True,False,False,False,True,False,False,False,22000.0
498,1,0.0,0,1,0.0,35,0.0,5500.0,1,False,False,True,False,False,False,True,False,5500.0
499,2,0.0,1,2,0.0,5,2.0,13400.0,1,False,True,False,False,False,False,False,True,26800.0
500,2,0.0,1,1,0.0,7,1.0,13400.0,0,True,False,False,False,False,False,False,True,26800.0
501,1,1.0,1,1,0.0,32,1.0,5500.0,0,False,True,False,False,False,False,True,False,11000.0
502,1,1.0,1,1,1.0,19,1.0,5500.0,0,True,False,False,False,False,False,True,False,11000.0
503,1,1.0,2,1,0.0,54,1.0,13400.0,1,True,False,False,False,False,False,False,True,26800.0
504,2,0.0,1,1,0.0,93,2.0,13400.0,0,True,False,False,False,False,False,False,True,26800.0
505,1,0.0,1,1,0.0,3,1.0,7500.0,0,True,False,False,False,False,False,False,True,7500.0
506,2,0.0,1,2,0.0,4,2.0,14000.0,0,False,False,True,False,False,True,False,False,28000.0
507,1,0.0,0,0,0.0,72,11.0,5500.0,1,True,False,False,False,False,False,True,False,5500.0
508,2,0.0,1,2,0.0,51,2.0,13400.0,0,False,False,True,False,False,False,False,True,26800.0
509,1,0.0,3,0,0.0,4,1.0,5500.0,0,True,False,False,False,False,False,True,False,5500.0
512,1,0.0,1,1,1.0,6,1.0,6500.0,1,False,True,False,False,True,False,False,False,6500.0
514,2,0.0,0,2,0.0,22,3.0,13400.0,0,True,False,False,False,False,False,False,True,26800.0
515,1,2.0,2,1,0.0,78,6.0,5500.0,1,True,False,False,False,False,False,True,False,16500.0
516,1,0.0,2,1,0.0,24,9.0,5500.0,1,False,False,True,False,False,False,True,False,5500.0
517,1,2.0,0,2,0.0,59,0.0,17700.0,1,False,True,False,False,False,False,False,True,53100.0
518,3,0.0,0,1,0.0,27,0.0,19500.0,0,True,False,False,False,False,True,False,False,58500.0
519,1,1.0,0,1,0.0,15,0.0,5500.0,0,False,False,True,False,False,False,True,False,11000.0
521,2,0.0,1,1,0.0,6,0.0,13400.0,1,False,False,True,False,False,False,False,True,26800.0
522,1,0.0,0,3,0.0,6,2.0,5500.0,1,True,False,False,False,False,False,True,False,5500.0
523,1,1.0,0,1,0.0,62,0.0,14000.0,0,True,False,False,False,False,True,False,False,28000.0
524,2,1.0,1,2,0.0,141,1.0,19500.0,1,True,False,False,False,False,True,False,False,58500.0
525,1,1.0,0,2,0.0,49,0.0,5500.0,1,True,False,False,False,False,False,True,False,11000.0
526,1,2.0,1,1,0.0,37,0.0,5500.0,0,False,True,False,False,False,False,True,False,16500.0
529,3,0.0,1,1,1.0,7,2.0,21300.0,1,False,False,True,True,False,False,False,False,63900.0
530,1,0.0,0,1,0.0,15,1.0,7500.0,0,True,False,False,False,False,True,False,False,7500.0
531,1,0.0,1,1,0.0,17,2.0,5500.0,1,True,False,False,False,False,False,True,False,5500.0
532,1,0.0,2,2,1.0,10,5.0,6500.0,1,False,False,True,False,True,False,False,False,6500.0
535,1,0.0,1,2,0.0,4,1.0,5500.0,1,False,False,True,False,False,False,True,False,5500.0
536,1,0.0,2,2,1.0,4,6.0,5500.0,1,True,False,False,False,False,False,True,False,5500.0
538,2,0.0,1,2,0.0,24,1.0,13400.0,1,True,False,False,False,False,False,False,True,26800.0
539,1,0.0,2,1,0.0,6,0.0,5500.0,1,True,False,False,False,False,False,True,False,5500.0
540,2,0.0,0,1,0.0,7,3.0,13400.0,1,False,False,True,False,False,False,False,True,26800.0
541,2,0.0,1,2,0.0,17,0.0,13400.0,1,True,False,False,False,False,False,False,True,26800.0
542,1,0.0,0,1,0.0,6,3.0,5500.0,1,True,False,False,False,False,False,True,False,5500.0
543,2,1.0,1,2,0.0,33,1.0,13500.0,0,False,True,False,False,True,False,False,False,40500.0
545,2,1.0,0,2,1.0,75,2.0,17700.0,1,False,False,True,False,False,False,False,True,53100.0
546,2,0.0,1,1,0.0,27,2.0,14000.0,1,True,False,False,False,False,True,False,False,28000.0
547,1,0.0,0,1,0.0,26,0.0,5500.0,1,True,False,False,False,False,False,True,False,5500.0
548,2,0.0,0,2,0.0,4,4.0,13400.0,1,False,False,True,False,False,False,False,True,26800.0
549,3,1.0,1,2,0.0,70,1.0,25600.0,1,True,False,False,True,False,False,False,False,102400.0
550,1,1.0,1,2,1.0,49,3.0,5500.0,0,True,False,False,False,False,False,True,False,11000.0
553,3,0.0,0,2,0.0,53,1.0,21300.0,0,True,False,False,True,False,False,False,False,63900.0
555,1,0.0,3,1,0.0,11,4.0,5500.0,1,True,False,False,False,False,False,True,False,5500.0
556,1,0.0,1,1,0.0,40,3.0,5500.0,1,True,False,False,False,False,False,True,False,5500.0
558,2,0.0,1,2,0.0,15,1.0,13400.0,1,False,False,True,False,False,False,False,True,26800.0
559,2,0.0,1,1,0.0,78,1.0,13400.0,1,True,False,False,False,False,False,False,True,26800.0
561,1,1.0,1,1,0.0,58,1.0,5500.0,1,True,False,False,False,False,False,True,False,11000.0
562,2,0.0,1,0,0.0,22,5.0,11000.0,1,False,True,False,False,True,False,False,False,22000.0
563,1,0.0,1,3,0.0,7,1.0,5500.0,1,True,False,False,False,False,False,True,False,5500.0
564,1,0.0,0,2,0.0,51,3.0,5500.0,0,True,False,False,False,False,False,True,False,5500.0
565,2,1.0,1,1,0.0,87,6.0,17700.0,0,True,False,False,False,False,False,False,True,53100.0
566,1,0.0,1,1,0.0,83,2.0,5500.0,0,True,False,False,False,False,False,True,False,5500.0
567,2,2.0,0,1,0.0,46,3.0,25600.0,0,False,False,True,True,False,False,False,False,102400.0
569,2,0.0,1,2,0.0,32,1.0,13400.0,1,True,False,False,False,False,False,False,True,26800.0
570,2,2.0,0,1,0.0,70,2.0,20400.0,0,True,False,False,False,False,False,False,True,81600.0
571,2,1.0,1,1,1.0,66,0.0,17700.0,0,True,False,False,False,False,False,False,True,53100.0
572,2,1.0,0,2,0.0,29,2.0,21300.0,0,False,False,True,True,False,False,False,False,63900.0
573,2,0.0,0,2,1.0,21,5.0,13400.0,1,False,False,True,False,False,False,False,True,26800.0
582,2,0.0,0,2,0.0,20,1.0,13400.0,1,False,False,True,False,False,False,False,True,26800.0
583,1,0.0,1,1,1.0,35,3.0,5500.0,1,False,False,True,False,False,False,True,False,5500.0
584,4,0.0,0,1,1.0,21,0.0,25600.0,1,True,False,False,True,False,False,False,False,102400.0
585,2,1.0,1,2,0.0,47,2.0,13500.0,0,False,False,True,False,True,False,False,False,40500.0
586,1,2.0,0,2,1.0,36,1.0,5500.0,0,True,False,False,False,False,False,True,False,16500.0
587,2,2.0,3,1,0.0,130,0.0,20400.0,1,False,False,True,False,False,False,False,True,81600.0
588,1,2.0,0,1,0.0,148,2.0,5500.0,1,True,False,False,False,False,False,True,False,16500.0
589,2,1.0,1,1,0.0,86,1.0,17700.0,1,False,False,True,False,False,False,False,True,53100.0
590,2,1.0,1,2,0.0,32,1.0,17700.0,1,False,False,True,False,False,False,False,True,53100.0
592,1,0.0,1,1,0.0,55,0.0,5500.0,1,True,False,False,False,False,False,True,False,5500.0
593,2,0.0,1,0,0.0,17,3.0,15600.0,1,True,False,False,True,False,False,False,False,31200.0
594,1,0.0,1,2,0.0,21,1.0,6500.0,0,False,False,True,False,True,False,False,False,6500.0
596,1,0.0,0,2,1.0,15,3.0,5500.0,1,True,False,False,False,False,False,True,False,5500.0
597,1,1.0,0,1,1.0,15,7.0,5500.0,0,False,True,False,False,False,False,True,False,11000.0
598,2,0.0,1,1,0.0,90,0.0,13400.0,1,False,True,False,False,False,False,False,True,26800.0
599,2,0.0,2,2,0.0,8,1.0,13400.0,1,True,False,False,False,False,False,False,True,26800.0
600,1,0.0,1,0,1.0,80,1.0,5500.0,0,False,False,True,False,False,False,True,False,5500.0
601,3,0.0,0,1,0.0,14,0.0,21300.0,1,True,False,False,True,False,False,False,False,63900.0
602,2,1.0,2,1,0.0,50,3.0,19500.0,1,False,False,True,False,False,True,False,False,58500.0
603,1,0.0,0,2,0.0,73,3.0,5500.0,0,False,True,False,False,False,False,True,False,5500.0
606,2,2.0,1,2,1.0,12,0.0,20400.0,0,False,True,False,False,False,False,False,True,81600.0
607,1,1.0,1,2,0.0,137,0.0,5500.0,1,False,False,True,False,False,False,True,False,11000.0
608,1,0.0,0,2,0.0,13,1.0,5500.0,1,False,True,False,False,False,False,True,False,5500.0
609,1,0.0,0,2,0.0,5,1.0,5500.0,0,True,False,False,False,False,False,True,False,5500.0
610,3,2.0,0,1,1.0,26,6.0,28500.0,1,True,False,False,True,False,False,False,False,142500.0
611,1,1.0,2,1,1.0,53,2.0,5500.0,1,True,False,False,False,False,False,True,False,11000.0
613,2,0.0,0,2,0.0,21,4.0,13400.0,1,False,False,True,False,False,False,False,True,26800.0
614,1,0.0,3,1,0.0,20,4.0,5500.0,1,True,False,False,False,False,False,True,False,5500.0
615,3,0.0,1,1,1.0,30,1.0,21300.0,1,False,False,True,True,False,False,False,False,63900.0
619,1,0.0,1,1,0.0,54,0.0,6500.0,1,True,False,False,False,True,False,False,False,6500.0
620,1,0.0,0,2,0.0,105,3.0,5500.0,1,False,False,True,False,False,False,True,False,5500.0
621,3,1.0,0,3,1.0,55,3.0,25600.0,1,False,False,True,True,False,False,False,False,102400.0
622,1,1.0,1,1,1.0,43,1.0,5500.0,1,False,True,False,False,False,False,True,False,11000.0
623,2,0.0,2,2,1.0,20,8.0,13400.0,1,False,True,False,False,False,False,False,True,26800.0
625,2,1.0,1,1,0.0,45,0.0,13500.0,0,True,False,False,False,True,False,False,False,40500.0
626,1,2.0,1,1,1.0,53,0.0,5500.0,1,False,True,False,False,False,False,True,False,16500.0
627,1,0.0,0,0,1.0,26,0.0,5500.0,1,False,True,False,False,False,False,True,False,5500.0
628,2,0.0,1,2,0.0,12,1.0,13400.0,1,True,False,False,False,False,False,False,True,26800.0
629,2,2.0,1,2,1.0,57,1.0,20400.0,0,False,False,True,False,False,False,False,True,81600.0
630,1,1.0,1,1,0.0,84,1.0,11000.0,0,False,False,True,False,True,False,False,False,22000.0
631,2,2.0,1,3,0.0,48,2.0,14000.0,1,False,True,False,False,True,False,False,False,56000.0
632,1,0.0,1,1,1.0,12,3.0,5500.0,1,False,True,False,False,False,False,True,False,5500.0
633,2,0.0,1,1,0.0,24,1.0,13400.0,1,True,False,False,False,False,False,False,True,26800.0
637,2,0.0,2,2,1.0,20,0.0,13400.0,0,True,False,False,False,False,False,False,True,26800.0
638,3,1.0,0,1,0.0,48,1.0,25600.0,1,False,False,True,True,False,False,False,False,102400.0
639,1,0.0,1,1,0.0,32,0.0,5500.0,1,False,False,True,False,False,False,True,False,5500.0
641,1,0.0,1,2,0.0,4,1.0,6500.0,1,False,True,False,False,True,False,False,False,6500.0
642,2,0.0,3,1,0.0,29,0.0,13400.0,1,True,False,False,False,False,False,False,True,26800.0
643,1,0.0,1,2,0.0,21,1.0,6500.0,1,False,False,True,False,True,False,False,False,6500.0
644,1,0.0,1,0,0.0,5,0.0,5500.0,1,True,False,False,False,False,False,True,False,5500.0
645,1,0.0,1,2,0.0,5,1.0,5500.0,1,True,False,False,False,False,False,True,False,5500.0
646,1,2.0,2,2,0.0,41,1.0,21300.0,1,True,False,False,True,False,False,False,False,63900.0
647,2,0.0,1,1,0.0,5,0.0,15600.0,1,False,False,True,True,False,False,False,False,31200.0
648,2,0.0,2,1,0.0,14,2.0,13400.0,1,False,False,True,False,False,False,False,True,26800.0
649,2,2.0,1,1,0.0,58,0.0,14000.0,1,True,False,False,False,True,False,False,False,56000.0
650,1,2.0,0,1,0.0,152,4.0,5500.0,1,True,False,False,False,False,False,True,False,16500.0
651,1,0.0,1,2,1.0,11,2.0,5500.0,1,True,False,False,False,False,False,True,False,5500.0
653,2,0.0,0,1,0.0,92,1.0,13400.0,0,True,False,False,False,False,False,False,True,26800.0
654,1,1.0,2,1,0.0,94,1.0,5500.0,1,False,True,False,False,False,False,True,False,11000.0
655,1,1.0,3,3,0.0,16,2.0,5500.0,0,True,False,False,False,False,False,True,False,11000.0
657,1,0.0,1,1,0.0,61,1.0,5500.0,1,False,False,True,False,False,False,True,False,5500.0
658,3,1.0,1,1,0.0,72,1.0,25600.0,1,False,True,False,True,False,False,False,False,102400.0
659,2,0.0,1,2,0.0,8,3.0,13400.0,1,False,True,False,False,False,False,False,True,26800.0
660,1,0.0,0,1,0.0,37,0.0,5500.0,1,False,True,False,False,False,False,True,False,5500.0
661,2,2.0,2,2,0.0,75,2.0,14000.0,1,False,False,True,False,True,False,False,False,56000.0
662,1,1.0,0,1,0.0,52,1.0,5500.0,0,True,False,False,False,False,False,True,False,11000.0
663,2,2.0,1,2,0.0,17,4.0,20400.0,0,False,False,True,False,False,False,False,True,81600.0
664,1,2.0,1,2,1.0,92,4.0,13500.0,1,False,False,True,False,True,False,False,False,40500.0
665,1,0.0,0,2,0.0,12,2.0,5500.0,1,True,False,False,False,False,False,True,False,5500.0
666,3,1.0,0,4,1.0,33,1.0,25600.0,1,False,False,True,True,False,False,False,False,102400.0
668,2,1.0,1,2,0.0,71,2.0,17700.0,1,True,False,False,False,False,False,False,True,53100.0
669,1,1.0,1,4,0.0,36,1.0,5500.0,1,False,True,False,False,False,False,True,False,11000.0
670,1,0.0,1,1,0.0,24,3.0,5500.0,0,False,False,True,False,False,False,True,False,5500.0
673,2,0.0,1,3,1.0,126,1.0,13400.0,1,False,False,True,False,False,False,False,True,26800.0
674,1,1.0,1,1,0.0,99,2.0,5500.0,1,False,False,True,False,False,False,True,False,11000.0
675,1,0.0,1,0,0.0,13,4.0,5500.0,1,True,False,False,False,False,False,True,False,5500.0
676,2,0.0,1,2,0.0,35,0.0,15600.0,1,False,False,True,True,False,False,False,False,31200.0
677,2,0.0,1,1,1.0,61,1.0,13400.0,1,False,True,False,False,False,False,False,True,26800.0
678,1,0.0,1,1,0.0,26,2.0,5500.0,1,True,False,False,False,False,False,True,False,5500.0
679,2,0.0,1,2,0.0,29,1.0,13400.0,1,False,False,True,False,False,False,False,True,26800.0
680,1,0.0,1,1,1.0,30,0.0,5500.0,1,True,False,False,False,False,False,True,False,5500.0
681,2,0.0,1,1,0.0,18,0.0,15600.0,1,True,False,False,True,False,False,False,False,31200.0
684,1,1.0,0,1,0.0,75,1.0,5500.0,0,False,True,False,False,False,False,True,False,11000.0
685,2,2.0,0,1,0.0,106,1.0,20400.0,1,True,False,False,False,False,False,False,True,81600.0
686,2,1.0,1,1,1.0,41,4.0,17700.0,1,True,False,False,False,False,False,False,True,53100.0
688,2,0.0,2,1,1.0,11,1.0,14000.0,1,True,False,False,False,False,True,False,False,28000.0
690,2,3.0,0,2,0.0,78,1.0,28500.0,1,True,False,False,True,False,False,False,False,142500.0
692,2,0.0,1,0,0.0,59,2.0,13400.0,1,True,False,False,False,False,False,False,True,26800.0
693,2,0.0,0,1,0.0,24,3.0,13400.0,1,False,False,True,False,False,False,False,True,26800.0
695,2,0.0,1,2,0.0,13,0.0,13400.0,1,True,False,False,False,False,False,False,True,26800.0
696,1,0.0,1,3,0.0,16,2.0,5500.0,1,True,False,False,False,False,False,True,False,5500.0
697,2,1.0,1,2,0.0,101,1.0,17700.0,1,True,False,False,False,False,False,False,True,53100.0
698,1,2.0,0,2,0.0,63,0.0,5500.0,1,False,False,True,False,False,False,True,False,16500.0
699,2,0.0,1,1,0.0,17,1.0,13400.0,1,False,True,False,False,False,False,False,True,26800.0
700,2,0.0,3,1,0.0,17,1.0,15600.0,1,False,False,True,True,False,False,False,False,31200.0
701,2,0.0,2,1,0.0,7,3.0,13400.0,0,False,True,False,False,False,False,False,True,26800.0
702,2,1.0,2,2,1.0,41,1.0,17700.0,1,True,False,False,False,False,False,False,True,53100.0
703,1,0.0,1,0,0.0,13,1.0,5500.0,1,False,False,True,False,False,False,True,False,5500.0
704,2,0.0,1,1,0.0,29,0.0,13400.0,0,True,False,False,False,False,False,False,True,26800.0
705,1,1.0,0,2,0.0,48,0.0,14000.0,1,False,True,False,False,False,True,False,False,28000.0
706,1,0.0,0,2,0.0,9,6.0,5500.0,1,True,False,False,False,False,False,True,False,5500.0
708,2,0.0,0,0,0.0,4,0.0,15600.0,1,False,False,True,True,False,False,False,False,31200.0
709,1,0.0,0,1,0.0,16,2.0,5500.0,1,False,False,True,False,False,False,True,False,5500.0
710,1,0.0,1,3,0.0,13,2.0,7500.0,1,True,False,False,False,False,True,False,False,7500.0
711,1,1.0,1,2,0.0,52,1.0,5500.0,1,True,False,False,False,False,False,True,False,11000.0
712,2,0.0,2,2,0.0,12,0.0,13400.0,1,True,False,False,False,False,False,False,True,26800.0
715,2,0.0,1,1,1.0,50,0.0,13400.0,1,True,False,False,False,False,False,False,True,26800.0
716,2,0.0,3,3,0.0,27,1.0,13400.0,1,False,True,False,False,False,False,False,True,26800.0
718,2,0.0,2,1,1.0,28,0.0,13400.0,1,True,False,False,False,False,False,False,True,26800.0
719,1,2.0,1,1,0.0,70,4.0,5500.0,1,False,False,True,False,False,False,True,False,16500.0
721,2,1.0,1,1,0.0,94,2.0,17700.0,1,True,False,False,False,False,False,False,True,53100.0
723,2,0.0,2,1,0.0,35,0.0,13400.0,0,True,False,False,False,False,False,False,True,26800.0
726,1,0.0,2,1,0.0,29,0.0,5500.0,1,False,False,True,False,False,False,True,False,5500.0
727,2,0.0,2,1,0.0,8,3.0,13400.0,0,True,False,False,False,False,False,False,True,26800.0
728,1,0.0,1,2,0.0,41,4.0,7500.0,1,False,False,True,False,False,False,False,True,7500.0
729,1,1.0,0,1,0.0,17,1.0,11000.0,0,False,True,False,False,True,False,False,False,22000.0
730,1,1.0,2,5,0.0,44,0.0,5500.0,1,False,True,False,False,False,False,True,False,11000.0
731,1,1.0,0,3,0.0,27,0.0,14000.0,1,True,False,False,False,False,True,False,False,28000.0
732,1,0.0,1,2,1.0,29,0.0,5500.0,1,True,False,False,False,False,False,True,False,5500.0
733,1,0.0,0,1,0.0,53,2.0,5500.0,1,True,False,False,False,False,False,True,False,5500.0
734,1,0.0,0,2,0.0,13,0.0,5500.0,1,True,False,False,False,False,False,True,False,5500.0
735,1,1.0,1,0,1.0,159,8.0,5500.0,0,True,False,False,False,False,False,True,False,11000.0
736,1,1.0,2,4,1.0,33,1.0,5500.0,1,False,True,False,False,False,False,True,False,11000.0
739,1,0.0,0,1,0.0,4,0.0,6500.0,1,False,True,False,False,True,False,False,False,6500.0
740,2,0.0,1,1,1.0,7,1.0,13400.0,1,True,False,False,False,False,False,False,True,26800.0
741,2,0.0,1,3,0.0,36,2.0,13400.0,1,True,False,False,False,False,False,False,True,26800.0
742,2,2.0,1,1,0.0,60,3.0,20400.0,1,False,False,True,False,False,False,False,True,81600.0
743,2,0.0,1,0,0.0,11,2.0,13400.0,1,True,False,False,False,False,False,False,True,26800.0
744,1,1.0,2,3,0.0,21,3.0,5500.0,0,True,False,False,False,False,False,True,False,11000.0
745,1,0.0,1,5,0.0,6,0.0,6500.0,1,True,False,False,False,True,False,False,False,6500.0
746,2,0.0,2,3,0.0,10,1.0,15600.0,1,False,False,True,True,False,False,False,False,31200.0
747,2,0.0,1,1,0.0,90,4.0,13400.0,0,False,True,False,False,False,False,False,True,26800.0
749,1,2.0,1,2,0.0,107,2.0,5500.0,0,True,False,False,False,False,False,True,False,16500.0
750,2,1.0,0,2,1.0,65,5.0,17700.0,0,True,False,False,False,False,False,False,True,53100.0
751,1,1.0,1,1,0.0,50,3.0,5500.0,1,False,False,True,False,False,False,True,False,11000.0
752,2,0.0,0,1,0.0,4,4.0,11000.0,0,True,False,False,False,True,False,False,False,22000.0
753,3,0.0,0,4,1.0,12,0.0,21300.0,1,False,True,False,True,False,False,False,False,63900.0
754,3,1.0,2,4,0.0,36,1.0,25600.0,1,False,False,True,True,False,False,False,False,102400.0
756,1,0.0,1,1,0.0,6,3.0,5500.0,1,True,False,False,False,False,False,True,False,5500.0
758,2,0.0,1,1,0.0,26,2.0,13400.0,1,False,False,True,False,False,False,False,True,26800.0
759,1,0.0,1,2,1.0,17,2.0,6500.0,1,True,False,False,False,True,False,False,False,6500.0
760,1,2.0,0,1,1.0,41,1.0,5500.0,1,True,False,False,False,False,False,True,False,16500.0
761,2,0.0,0,3,0.0,10,0.0,13400.0,1,True,False,False,False,False,False,False,True,26800.0
764,2,1.0,1,1,0.0,35,1.0,19500.0,1,True,False,False,False,False,True,False,False,58500.0
765,2,0.0,0,1,0.0,6,2.0,13400.0,1,False,False,True,False,False,False,False,True,26800.0
766,1,0.0,0,3,0.0,17,1.0,5500.0,0,False,False,True,False,False,False,True,False,5500.0
774,1,0.0,1,2,0.0,26,1.0,5500.0,1,True,False,False,False,False,False,True,False,5500.0
775,1,1.0,1,0,0.0,37,0.0,15600.0,1,False,False,True,True,False,False,False,False,31200.0
776,1,0.0,2,2,1.0,12,1.0,5500.0,1,True,False,False,False,False,False,True,False,5500.0
777,1,0.0,1,1,0.0,73,3.0,5500.0,1,True,False,False,False,False,False,True,False,5500.0
778,3,1.0,0,2,0.0,78,0.0,25600.0,1,True,False,False,True,False,False,False,False,102400.0
779,1,1.0,1,1,0.0,23,2.0,5500.0,1,False,True,False,False,False,False,True,False,11000.0
780,1,1.0,1,1,0.0,106,3.0,15600.0,1,True,False,False,True,False,False,False,False,31200.0
782,2,2.0,1,1,0.0,83,0.0,20400.0,1,True,False,False,False,False,False,False,True,81600.0
783,2,0.0,1,1,0.0,153,2.0,13400.0,1,True,False,False,False,False,False,False,True,26800.0
785,2,2.0,1,4,1.0,65,2.0,20400.0,1,False,True,False,False,False,False,False,True,81600.0
786,1,1.0,0,0,0.0,39,1.0,14000.0,1,False,True,False,False,False,True,False,False,28000.0
787,1,0.0,1,1,0.0,15,4.0,5500.0,1,True,False,False,False,False,False,True,False,5500.0
788,2,0.0,3,1,0.0,9,1.0,13400.0,1,True,False,False,False,False,False,False,True,26800.0
790,1,0.0,1,1,1.0,48,7.0,8500.0,1,False,False,True,True,False,False,False,False,8500.0
791,1,2.0,0,0,0.0,75,0.0,5500.0,1,False,False,True,False,False,False,True,False,16500.0
793,1,2.0,0,1,0.0,51,2.0,5500.0,1,True,False,False,False,False,False,True,False,16500.0
794,2,0.0,1,1,0.0,16,2.0,13400.0,1,True,False,False,False,False,False,False,True,26800.0
795,1,0.0,0,0,0.0,15,0.0,5500.0,1,False,False,True,False,False,False,True,False,5500.0
797,1,1.0,0,1,0.0,21,1.0,15600.0,1,False,True,False,True,False,False,False,False,31200.0
800,2,1.0,0,1,1.0,87,0.0,19500.0,1,False,True,False,False,False,True,False,False,58500.0
801,2,1.0,1,1,0.0,27,3.0,17700.0,1,False,True,False,False,False,False,False,True,53100.0
802,2,2.0,1,1,0.0,19,0.0,14000.0,0,False,True,False,False,True,False,False,False,56000.0
804,2,0.0,1,1,0.0,6,0.0,13400.0,1,False,True,False,False,False,False,False,True,26800.0
805,2,0.0,1,2,1.0,60,2.0,13400.0,1,False,True,False,False,False,False,False,True,26800.0
806,1,1.0,1,3,0.0,70,3.0,5500.0,1,False,False,True,False,False,False,True,False,11000.0
807,3,2.0,2,2,0.0,76,0.0,28500.0,1,True,False,False,True,False,False,False,False,142500.0
808,1,1.0,0,1,0.0,46,2.0,5500.0,1,False,False,True,False,False,False,True,False,11000.0
809,2,0.0,1,2,0.0,107,3.0,13400.0,1,True,False,False,False,False,False,False,True,26800.0
810,1,0.0,1,1,0.0,5,0.0,5500.0,1,False,True,False,False,False,False,True,False,5500.0
811,1,0.0,3,2,0.0,12,2.0,6500.0,1,False,False,True,False,True,False,False,False,6500.0
813,1,1.0,3,2,1.0,44,2.0,5500.0,1,True,False,False,False,False,False,True,False,11000.0
815,1,0.0,1,1,0.0,49,1.0,6500.0,0,False,True,False,False,True,False,False,False,6500.0
816,1,2.0,0,1,0.0,27,1.0,5500.0,1,False,False,True,False,False,False,True,False,16500.0
819,3,0.0,1,2,1.0,100,1.0,21300.0,0,False,True,False,True,False,False,False,False,63900.0
820,2,1.0,1,1,0.0,21,0.0,17700.0,1,False,False,True,False,False,False,False,True,53100.0
821,2,1.0,0,1,0.0,25,1.0,13500.0,1,True,False,False,False,True,False,False,False,40500.0
825,2,1.0,2,2,0.0,87,2.0,19500.0,1,False,True,False,False,False,True,False,False,58500.0
826,1,0.0,0,3,0.0,9,0.0,5500.0,1,False,False,True,False,False,False,True,False,5500.0
829,3,0.0,0,1,1.0,10,0.0,21300.0,1,False,False,True,True,False,False,False,False,63900.0
830,1,0.0,1,1,0.0,18,2.0,5500.0,1,False,True,False,False,False,False,True,False,5500.0
831,3,0.0,0,1,0.0,25,6.0,21300.0,1,True,False,False,True,False,False,False,False,63900.0
832,1,0.0,1,3,0.0,4,0.0,6500.0,0,True,False,False,False,True,False,False,False,6500.0
834,2,0.0,1,1,0.0,10,0.0,13400.0,1,False,True,False,False,False,False,False,True,26800.0
835,2,2.0,1,0,0.0,9,0.0,20400.0,0,True,False,False,False,False,False,False,True,81600.0
837,2,1.0,0,1,0.0,80,1.0,17700.0,1,True,False,False,False,False,False,False,True,53100.0
838,1,0.0,3,1,0.0,18,2.0,5500.0,1,False,True,False,False,False,False,True,False,5500.0
840,1,1.0,2,1,0.0,55,4.0,13400.0,1,False,False,True,False,False,False,False,True,26800.0
842,3,2.0,1,1,0.0,95,1.0,28500.0,1,False,False,True,True,False,False,False,False,142500.0
843,2,1.0,1,3,0.0,80,4.0,13500.0,0,True,False,False,False,True,False,False,False,40500.0
844,2,0.0,0,1,0.0,28,0.0,11000.0,1,True,False,False,False,True,False,False,False,22000.0
845,1,0.0,1,2,0.0,28,3.0,5500.0,0,False,False,True,False,False,False,True,False,5500.0
847,1,0.0,2,2,0.0,32,5.0,5500.0,0,False,True,False,False,False,False,True,False,5500.0
848,2,0.0,0,2,0.0,64,5.0,13400.0,1,True,False,False,False,False,False,False,True,26800.0
849,2,0.0,1,0,0.0,9,2.0,13400.0,1,True,False,False,False,False,False,False,True,26800.0
851,1,0.0,2,0,0.0,39,1.0,6500.0,0,False,True,False,False,True,False,False,False,6500.0
855,1,1.0,0,2,0.0,41,3.0,11000.0,1,True,False,False,False,True,False,False,False,22000.0
856,1,0.0,1,0,0.0,43,1.0,5500.0,1,False,True,False,False,False,False,True,False,5500.0
857,3,1.0,0,2,0.0,87,2.0,25600.0,0,False,False,True,True,False,False,False,False,102400.0
859,1,0.0,2,0,0.0,7,1.0,5500.0,0,False,False,True,False,False,False,True,False,5500.0
860,2,0.0,1,2,0.0,87,1.0,13400.0,0,True,False,False,False,False,False,False,True,26800.0
861,1,0.0,1,2,0.0,18,1.0,6500.0,1,True,False,False,False,True,False,False,False,6500.0
862,2,0.0,1,2,0.0,20,9.0,13400.0,0,False,False,True,False,False,False,False,True,26800.0
863,1,0.0,1,2,0.0,37,1.0,5500.0,1,False,True,False,False,False,False,True,False,5500.0
864,1,0.0,0,4,0.0,4,0.0,5500.0,0,False,False,True,False,False,False,True,False,5500.0
865,1,1.0,0,2,0.0,20,1.0,5500.0,0,True,False,False,False,False,False,True,False,11000.0
867,2,0.0,4,1,0.0,16,0.0,13400.0,1,True,False,False,False,False,False,False,True,26800.0
868,2,0.0,0,4,0.0,12,3.0,15600.0,1,True,False,False,True,False,False,False,False,31200.0
869,1,0.0,1,1,1.0,18,0.0,7500.0,1,True,False,False,False,False,True,False,False,7500.0
870,2,0.0,0,0,1.0,3,3.0,13400.0,1,False,True,False,False,False,False,False,True,26800.0
871,2,1.0,0,1,0.0,23,0.0,17700.0,1,False,True,False,False,False,False,False,True,53100.0
872,2,0.0,1,1,0.0,32,1.0,13400.0,1,True,False,False,False,False,False,False,True,26800.0
874,2,0.0,0,3,1.0,6,0.0,13400.0,1,False,False,True,False,False,False,False,True,26800.0
875,2,0.0,0,1,1.0,42,2.0,13400.0,1,False,True,False,False,False,False,False,True,26800.0
877,1,0.0,1,2,0.0,5,1.0,5500.0,1,True,False,False,False,False,False,True,False,5500.0
878,2,0.0,1,1,1.0,19,4.0,13400.0,0,False,True,False,False,False,False,False,True,26800.0
879,1,1.0,1,1,0.0,83,4.0,5500.0,0,False,True,False,False,False,False,True,False,11000.0
880,1,2.0,0,2,0.0,27,0.0,5500.0,1,False,True,False,False,False,False,True,False,16500.0
881,1,0.0,0,2,0.0,13,5.0,5500.0,1,False,False,True,False,False,False,True,False,5500.0
882,2,0.0,1,2,1.0,14,0.0,13400.0,0,True,False,False,False,False,False,False,True,26800.0
883,1,0.0,0,2,0.0,17,1.0,6500.0,0,False,False,True,False,True,False,False,False,6500.0
886,2,1.0,1,1,0.0,37,3.0,19500.0,1,True,False,False,False,False,True,False,False,58500.0
887,2,1.0,1,3,0.0,81,4.0,17700.0,1,False,False,True,False,False,False,False,True,53100.0
888,2,0.0,0,1,0.0,18,0.0,11000.0,1,True,False,False,False,True,False,False,False,22000.0
891,2,1.0,1,3,1.0,43,1.0,17700.0,1,True,False,False,False,False,False,False,True,53100.0
892,1,0.0,1,1,0.0,20,4.0,6500.0,1,False,False,True,False,True,False,False,False,6500.0
893,1,2.0,1,2,0.0,19,2.0,5500.0,0,False,True,False,False,False,False,True,False,16500.0
894,2,0.0,2,0,0.0,15,3.0,13400.0,1,True,False,False,False,False,False,False,True,26800.0
895,2,1.0,2,1,0.0,53,1.0,17700.0,1,True,False,False,False,False,False,False,True,53100.0
896,1,0.0,0,0,0.0,9,1.0,5500.0,1,True,False,False,False,False,False,True,False,5500.0
898,1,2.0,1,1,1.0,82,1.0,5500.0,0,False,False,True,False,False,False,True,False,16500.0
899,1,0.0,0,2,0.0,13,3.0,5500.0,0,False,False,True,False,False,False,True,False,5500.0
900,1,0.0,0,1,0.0,8,1.0,6500.0,1,False,False,True,False,True,False,False,False,6500.0
901,1,0.0,0,2,1.0,35,3.0,8500.0,1,True,False,False,True,False,False,False,False,8500.0
903,1,1.0,1,3,0.0,25,4.0,5500.0,0,True,False,False,False,False,False,True,False,11000.0
904,1,0.0,1,1,0.0,35,0.0,5500.0,1,False,True,False,False,False,False,True,False,5500.0
905,3,2.0,1,1,0.0,80,2.0,28500.0,1,True,False,False,True,False,False,False,False,142500.0
906,2,0.0,1,2,0.0,35,0.0,13400.0,1,False,True,False,False,False,False,False,True,26800.0
907,2,0.0,0,1,0.0,4,5.0,13400.0,1,False,False,True,False,False,False,False,True,26800.0
908,2,0.0,0,3,0.0,3,3.0,13400.0,1,True,False,False,False,False,False,False,True,26800.0
909,1,2.0,0,2,0.0,126,2.0,13500.0,0,True,False,False,False,True,False,False,False,40500.0
911,1,0.0,2,3,0.0,5,1.0,6500.0,0,True,False,False,False,True,False,False,False,6500.0
912,2,0.0,2,0,0.0,34,2.0,15600.0,1,True,False,False,True,False,False,False,False,31200.0
915,3,0.0,0,1,0.0,62,4.0,21300.0,1,True,False,False,True,False,False,False,False,63900.0
916,1,2.0,1,2,1.0,75,3.0,5500.0,0,False,True,False,False,False,False,True,False,16500.0
917,2,0.0,1,0,0.0,7,1.0,11000.0,1,False,False,True,False,True,False,False,False,22000.0
918,1,0.0,1,1,0.0,38,4.0,7500.0,1,True,False,False,False,False,False,False,True,7500.0
919,2,0.0,1,2,0.0,53,2.0,13400.0,1,True,False,False,False,False,False,False,True,26800.0
922,1,0.0,2,3,0.0,4,1.0,7500.0,1,False,True,False,False,False,True,False,False,7500.0
923,1,2.0,0,1,1.0,26,0.0,5500.0,1,False,False,True,False,False,False,True,False,16500.0
924,2,0.0,1,2,1.0,11,0.0,13400.0,1,False,False,True,False,False,False,False,True,26800.0
925,2,1.0,1,1,0.0,88,1.0,17700.0,1,False,True,False,False,False,False,False,True,53100.0
929,2,2.0,1,1,0.0,38,1.0,20400.0,1,True,False,False,False,False,False,False,True,81600.0
930,1,0.0,3,3,1.0,18,3.0,5500.0,1,True,False,False,False,False,False,True,False,5500.0
932,1,2.0,0,1,1.0,37,1.0,5500.0,0,True,False,False,False,False,False,True,False,16500.0
934,1,0.0,1,1,0.0,4,2.0,5500.0,1,False,False,True,False,False,False,True,False,5500.0
936,1,0.0,0,1,1.0,3,0.0,5500.0,0,True,False,False,False,False,False,True,False,5500.0
940,2,0.0,0,2,0.0,78,2.0,11000.0,0,False,False,True,False,True,False,False,False,22000.0
941,1,0.0,1,2,1.0,11,1.0,5500.0,1,False,True,False,False,False,False,True,False,5500.0
942,2,2.0,0,3,0.0,13,3.0,20400.0,0,False,True,False,False,False,False,False,True,81600.0
944,2,2.0,1,2,1.0,69,5.0,20400.0,0,True,False,False,False,False,False,False,True,81600.0
946,1,1.0,0,1,0.0,26,1.0,5500.0,1,False,False,True,False,False,False,True,False,11000.0
947,1,2.0,0,1,0.0,85,0.0,5500.0,1,True,False,False,False,False,False,True,False,16500.0
949,1,0.0,2,3,0.0,6,0.0,5500.0,1,False,False,True,False,False,False,True,False,5500.0
950,1,0.0,4,0,1.0,10,1.0,5500.0,1,True,False,False,False,False,False,True,False,5500.0
952,2,0.0,0,1,0.0,16,1.0,13400.0,0,True,False,False,False,False,False,False,True,26800.0
955,2,0.0,1,2,1.0,12,0.0,11000.0,1,False,False,True,False,True,False,False,False,22000.0
956,1,1.0,1,1,0.0,20,2.0,5500.0,0,True,False,False,False,False,False,True,False,11000.0
957,2,0.0,1,2,1.0,13,0.0,13400.0,1,False,True,False,False,False,False,False,True,26800.0
958,1,0.0,1,0,0.0,30,1.0,5500.0,0,True,False,False,False,False,False,True,False,5500.0
959,2,1.0,0,1,0.0,9,4.0,17700.0,0,True,False,False,False,False,False,False,True,53100.0
960,2,0.0,2,4,1.0,14,3.0,14000.0,1,True,False,False,False,False,True,False,False,28000.0
961,2,0.0,2,2,0.0,4,2.0,13400.0,1,False,False,True,False,False,False,False,True,26800.0
962,1,0.0,1,1,0.0,9,5.0,5500.0,0,True,False,False,False,False,False,True,False,5500.0
963,2,0.0,1,1,1.0,4,1.0,14000.0,0,False,False,True,False,False,True,False,False,28000.0
964,1,1.0,1,1,0.0,33,1.0,5500.0,0,True,False,False,False,False,False,True,False,11000.0
967,2,0.0,1,2,1.0,32,2.0,13400.0,0,True,False,False,False,False,False,False,True,26800.0
968,2,2.0,1,1,0.0,17,2.0,20400.0,0,False,False,True,False,False,False,False,True,81600.0
969,2,0.0,0,0,0.0,20,1.0,13400.0,1,False,True,False,False,False,False,False,True,26800.0
972,1,1.0,1,1,1.0,28,0.0,5500.0,1,True,False,False,False,False,False,True,False,11000.0
974,2,2.0,0,2,1.0,42,4.0,20400.0,1,False,False,True,False,False,False,False,True,81600.0
975,2,0.0,1,2,1.0,6,1.0,13400.0,1,False,False,True,False,False,False,False,True,26800.0
976,1,0.0,1,1,0.0,29,4.0,5500.0,1,False,False,True,False,False,False,True,False,5500.0
977,2,0.0,0,2,0.0,34,1.0,13400.0,1,True,False,False,False,False,False,False,True,26800.0
979,1,1.0,1,1,1.0,38,1.0,5500.0,1,True,False,False,False,False,False,True,False,11000.0
981,1,1.0,0,0,0.0,75,2.0,5500.0,1,False,False,True,False,False,False,True,False,11000.0
983,1,0.0,1,2,0.0,29,0.0,5500.0,0,False,False,True,False,False,False,True,False,5500.0
985,2,1.0,1,2,1.0,43,2.0,17700.0,1,True,False,False,False,False,False,False,True,53100.0
987,2,2.0,1,0,0.0,26,6.0,20400.0,1,True,False,False,False,False,False,False,True,81600.0
988,2,2.0,1,1,0.0,46,2.0,25600.0,1,False,False,True,True,False,False,False,False,102400.0
989,2,0.0,0,1,0.0,8,0.0,13400.0,1,False,False,True,False,False,False,False,True,26800.0
990,1,2.0,2,2,0.0,119,1.0,5500.0,1,True,False,False,False,False,False,True,False,16500.0
991,1,1.0,0,3,0.0,72,2.0,5500.0,0,True,False,False,False,False,False,True,False,11000.0
992,1,0.0,2,2,1.0,83,3.0,5500.0,1,False,True,False,False,False,False,True,False,5500.0
993,1,0.0,1,2,0.0,11,0.0,5500.0,1,True,False,False,False,False,False,True,False,5500.0
994,1,0.0,0,0,0.0,52,1.0,5500.0,1,True,False,False,False,False,False,True,False,5500.0
995,1,0.0,1,3,0.0,11,1.0,5500.0,1,True,False,False,False,False,False,True,False,5500.0
996,1,0.0,1,3,1.0,20,1.0,5500.0,1,True,False,False,False,False,False,True,False,5500.0
998,1,2.0,0,2,0.0,54,3.0,21300.0,1,False,True,False,True,False,False,False,False,63900.0
999,1,2.0,1,1,0.0,60,0.0,13500.0,1,False,True,False,False,True,False,False,False,40500.0
